{"info": {"bold": 0, "smooth": 1, "spacing": [0,0], "face": "Bitstream Vera Sans", "italic": 0, "size": 12}, "chars": {"119": {"height": 15, "width": 19, "xadvance": 13, "y": 156, "x": 32, "yoffset": 3, "id": 119, "xoffset": -3, "page": 0}, "120": {"height": 15, "width": 15, "xadvance": 9, "y": 156, "x": 52, "yoffset": 3, "id": 120, "xoffset": -3, "page": 0}, "121": {"height": 18, "width": 15, "xadvance": 9, "y": 156, "x": 68, "yoffset": 3, "id": 121, "xoffset": -3, "page": 0}, "122": {"height": 15, "width": 14, "xadvance": 8, "y": 156, "x": 84, "yoffset": 3, "id": 122, "xoffset": -3, "page": 0}, "123": {"height": 21, "width": 13, "xadvance": 10, "y": 153, "x": 99, "yoffset": 0, "id": 123, "xoffset": -1, "page": 0}, "124": {"height": 22, "width": 8, "xadvance": 5, "y": 153, "x": 113, "yoffset": 0, "id": 124, "xoffset": -1, "page": 0}, "125": {"height": 21, "width": 13, "xadvance": 10, "y": 153, "x": 122, "yoffset": 0, "id": 125, "xoffset": -1, "page": 0}, "126": {"height": 10, "width": 17, "xadvance": 13, "y": 158, "x": 136, "yoffset": 5, "id": 126, "xoffset": -2, "page": 0}, "118": {"height": 15, "width": 15, "xadvance": 9, "y": 156, "x": 16, "yoffset": 3, "id": 118, "xoffset": -3, "page": 0}, "59": {"height": 16, "width": 9, "xadvance": 5, "y": 46, "x": 1, "yoffset": 4, "id": 59, "xoffset": -2, "page": 0}, "58": {"height": 14, "width": 9, "xadvance": 5, "y": 26, "x": 180, "yoffset": 4, "id": 58, "xoffset": -2, "page": 0}, "55": {"height": 18, "width": 14, "xadvance": 10, "y": 22, "x": 133, "yoffset": 0, "id": 55, "xoffset": -2, "page": 0}, "54": {"height": 18, "width": 15, "xadvance": 10, "y": 22, "x": 117, "yoffset": 0, "id": 54, "xoffset": -2, "page": 0}, "57": {"height": 18, "width": 15, "xadvance": 10, "y": 22, "x": 164, "yoffset": 0, "id": 57, "xoffset": -2, "page": 0}, "56": {"height": 18, "width": 15, "xadvance": 10, "y": 22, "x": 148, "yoffset": 0, "id": 56, "xoffset": -2, "page": 0}, "51": {"height": 18, "width": 14, "xadvance": 10, "y": 22, "x": 70, "yoffset": 0, "id": 51, "xoffset": -2, "page": 0}, "50": {"height": 18, "width": 14, "xadvance": 10, "y": 22, "x": 55, "yoffset": 0, "id": 50, "xoffset": -2, "page": 0}, "53": {"height": 18, "width": 14, "xadvance": 10, "y": 22, "x": 102, "yoffset": 0, "id": 53, "xoffset": -2, "page": 0}, "52": {"height": 18, "width": 16, "xadvance": 10, "y": 22, "x": 85, "yoffset": 0, "id": 52, "xoffset": -3, "page": 0}, "115": {"height": 15, "width": 14, "xadvance": 8, "y": 134, "x": 158, "yoffset": 3, "id": 115, "xoffset": -3, "page": 0}, "114": {"height": 15, "width": 12, "xadvance": 7, "y": 134, "x": 145, "yoffset": 3, "id": 114, "xoffset": -2, "page": 0}, "117": {"height": 15, "width": 14, "xadvance": 10, "y": 156, "x": 1, "yoffset": 3, "id": 117, "xoffset": -2, "page": 0}, "116": {"height": 17, "width": 12, "xadvance": 6, "y": 132, "x": 173, "yoffset": 1, "id": 116, "xoffset": -3, "page": 0}, "111": {"height": 15, "width": 15, "xadvance": 10, "y": 134, "x": 97, "yoffset": 3, "id": 111, "xoffset": -3, "page": 0}, "110": {"height": 15, "width": 14, "xadvance": 10, "y": 134, "x": 82, "yoffset": 3, "id": 110, "xoffset": -2, "page": 0}, "113": {"height": 18, "width": 15, "xadvance": 10, "y": 134, "x": 129, "yoffset": 3, "id": 113, "xoffset": -3, "page": 0}, "112": {"height": 18, "width": 15, "xadvance": 10, "y": 134, "x": 113, "yoffset": 3, "id": 112, "xoffset": -2, "page": 0}, "82": {"height": 18, "width": 16, "xadvance": 11, "y": 86, "x": 20, "yoffset": 0, "id": 82, "xoffset": -2, "page": 0}, "83": {"height": 18, "width": 15, "xadvance": 10, "y": 86, "x": 37, "yoffset": 0, "id": 83, "xoffset": -2, "page": 0}, "80": {"height": 18, "width": 15, "xadvance": 10, "y": 64, "x": 161, "yoffset": 0, "id": 80, "xoffset": -2, "page": 0}, "81": {"height": 20, "width": 18, "xadvance": 13, "y": 86, "x": 1, "yoffset": 0, "id": 81, "xoffset": -3, "page": 0}, "86": {"height": 18, "width": 17, "xadvance": 11, "y": 86, "x": 88, "yoffset": 0, "id": 86, "xoffset": -3, "page": 0}, "87": {"height": 18, "width": 22, "xadvance": 16, "y": 86, "x": 106, "yoffset": 0, "id": 87, "xoffset": -3, "page": 0}, "84": {"height": 18, "width": 17, "xadvance": 10, "y": 86, "x": 53, "yoffset": 0, "id": 84, "xoffset": -4, "page": 0}, "85": {"height": 18, "width": 16, "xadvance": 12, "y": 86, "x": 71, "yoffset": 0, "id": 85, "xoffset": -2, "page": 0}, "108": {"height": 18, "width": 8, "xadvance": 4, "y": 131, "x": 52, "yoffset": 0, "id": 108, "xoffset": -2, "page": 0}, "109": {"height": 15, "width": 20, "xadvance": 16, "y": 134, "x": 61, "yoffset": 3, "id": 109, "xoffset": -2, "page": 0}, "102": {"height": 18, "width": 12, "xadvance": 6, "y": 108, "x": 162, "yoffset": 0, "id": 102, "xoffset": -3, "page": 0}, "103": {"height": 18, "width": 15, "xadvance": 10, "y": 111, "x": 175, "yoffset": 3, "id": 103, "xoffset": -3, "page": 0}, "100": {"height": 18, "width": 15, "xadvance": 10, "y": 108, "x": 130, "yoffset": 0, "id": 100, "xoffset": -3, "page": 0}, "101": {"height": 15, "width": 15, "xadvance": 10, "y": 111, "x": 146, "yoffset": 3, "id": 101, "xoffset": -3, "page": 0}, "106": {"height": 21, "width": 10, "xadvance": 4, "y": 131, "x": 25, "yoffset": 0, "id": 106, "xoffset": -4, "page": 0}, "107": {"height": 18, "width": 15, "xadvance": 9, "y": 131, "x": 36, "yoffset": 0, "id": 107, "xoffset": -2, "page": 0}, "104": {"height": 18, "width": 14, "xadvance": 10, "y": 131, "x": 1, "yoffset": 0, "id": 104, "xoffset": -2, "page": 0}, "105": {"height": 18, "width": 8, "xadvance": 4, "y": 131, "x": 16, "yoffset": 0, "id": 105, "xoffset": -2, "page": 0}, "39": {"height": 10, "width": 8, "xadvance": 4, "y": 1, "x": 103, "yoffset": 0, "id": 39, "xoffset": -2, "page": 0}, "38": {"height": 18, "width": 17, "xadvance": 12, "y": 1, "x": 85, "yoffset": 0, "id": 38, "xoffset": -2, "page": 0}, "33": {"height": 18, "width": 8, "xadvance": 6, "y": 1, "x": 8, "yoffset": 0, "id": 33, "xoffset": -1, "page": 0}, "32": {"height": 6, "width": 6, "xadvance": 5, "y": 13, "x": 1, "yoffset": 12, "id": 32, "xoffset": -3, "page": 0}, "37": {"height": 18, "width": 21, "xadvance": 15, "y": 1, "x": 63, "yoffset": 0, "id": 37, "xoffset": -3, "page": 0}, "36": {"height": 20, "width": 14, "xadvance": 10, "y": 1, "x": 48, "yoffset": 0, "id": 36, "xoffset": -2, "page": 0}, "35": {"height": 17, "width": 18, "xadvance": 13, "y": 2, "x": 29, "yoffset": 1, "id": 35, "xoffset": -2, "page": 0}, "34": {"height": 10, "width": 11, "xadvance": 7, "y": 1, "x": 17, "yoffset": 0, "id": 34, "xoffset": -2, "page": 0}, "60": {"height": 15, "width": 17, "xadvance": 13, "y": 45, "x": 11, "yoffset": 3, "id": 60, "xoffset": -2, "page": 0}, "61": {"height": 10, "width": 17, "xadvance": 13, "y": 47, "x": 29, "yoffset": 5, "id": 61, "xoffset": -2, "page": 0}, "62": {"height": 15, "width": 17, "xadvance": 13, "y": 45, "x": 47, "yoffset": 3, "id": 62, "xoffset": -2, "page": 0}, "63": {"height": 18, "width": 13, "xadvance": 9, "y": 42, "x": 65, "yoffset": 0, "id": 63, "xoffset": -2, "page": 0}, "64": {"height": 20, "width": 20, "xadvance": 16, "y": 43, "x": 79, "yoffset": 1, "id": 64, "xoffset": -2, "page": 0}, "65": {"height": 18, "width": 17, "xadvance": 11, "y": 42, "x": 100, "yoffset": 0, "id": 65, "xoffset": -3, "page": 0}, "66": {"height": 18, "width": 15, "xadvance": 11, "y": 42, "x": 118, "yoffset": 0, "id": 66, "xoffset": -2, "page": 0}, "67": {"height": 18, "width": 17, "xadvance": 11, "y": 42, "x": 134, "yoffset": 0, "id": 67, "xoffset": -3, "page": 0}, "68": {"height": 18, "width": 17, "xadvance": 12, "y": 42, "x": 152, "yoffset": 0, "id": 68, "xoffset": -2, "page": 0}, "69": {"height": 18, "width": 15, "xadvance": 10, "y": 42, "x": 170, "yoffset": 0, "id": 69, "xoffset": -2, "page": 0}, "99": {"height": 15, "width": 14, "xadvance": 9, "y": 111, "x": 115, "yoffset": 3, "id": 99, "xoffset": -3, "page": 0}, "98": {"height": 18, "width": 15, "xadvance": 10, "y": 108, "x": 99, "yoffset": 0, "id": 98, "xoffset": -2, "page": 0}, "91": {"height": 20, "width": 10, "xadvance": 6, "y": 108, "x": 1, "yoffset": 0, "id": 91, "xoffset": -2, "page": 0}, "90": {"height": 18, "width": 17, "xadvance": 11, "y": 86, "x": 165, "yoffset": 0, "id": 90, "xoffset": -3, "page": 0}, "93": {"height": 20, "width": 10, "xadvance": 6, "y": 108, "x": 25, "yoffset": 0, "id": 93, "xoffset": -2, "page": 0}, "92": {"height": 19, "width": 12, "xadvance": 5, "y": 108, "x": 12, "yoffset": 0, "id": 92, "xoffset": -3, "page": 0}, "95": {"height": 7, "width": 16, "xadvance": 8, "y": 123, "x": 54, "yoffset": 15, "id": 95, "xoffset": -4, "page": 0}, "94": {"height": 10, "width": 17, "xadvance": 13, "y": 108, "x": 36, "yoffset": 0, "id": 94, "xoffset": -2, "page": 0}, "97": {"height": 15, "width": 15, "xadvance": 10, "y": 111, "x": 83, "yoffset": 3, "id": 97, "xoffset": -3, "page": 0}, "96": {"height": 9, "width": 11, "xadvance": 8, "y": 107, "x": 71, "yoffset": -1, "id": 96, "xoffset": -2, "page": 0}, "88": {"height": 18, "width": 17, "xadvance": 11, "y": 86, "x": 129, "yoffset": 0, "id": 88, "xoffset": -3, "page": 0}, "89": {"height": 18, "width": 17, "xadvance": 10, "y": 86, "x": 147, "yoffset": 0, "id": 89, "xoffset": -4, "page": 0}, "48": {"height": 18, "width": 15, "xadvance": 10, "y": 22, "x": 24, "yoffset": 0, "id": 48, "xoffset": -2, "page": 0}, "49": {"height": 18, "width": 14, "xadvance": 10, "y": 22, "x": 40, "yoffset": 0, "id": 49, "xoffset": -2, "page": 0}, "46": {"height": 8, "width": 9, "xadvance": 5, "y": 32, "x": 1, "yoffset": 10, "id": 46, "xoffset": -2, "page": 0}, "47": {"height": 19, "width": 12, "xadvance": 5, "y": 22, "x": 11, "yoffset": 0, "id": 47, "xoffset": -3, "page": 0}, "44": {"height": 10, "width": 9, "xadvance": 5, "y": 11, "x": 167, "yoffset": 10, "id": 44, "xoffset": -2, "page": 0}, "45": {"height": 7, "width": 11, "xadvance": 6, "y": 8, "x": 177, "yoffset": 7, "id": 45, "xoffset": -3, "page": 0}, "42": {"height": 14, "width": 14, "xadvance": 8, "y": 1, "x": 134, "yoffset": 0, "id": 42, "xoffset": -3, "page": 0}, "43": {"height": 15, "width": 17, "xadvance": 13, "y": 4, "x": 149, "yoffset": 3, "id": 43, "xoffset": -2, "page": 0}, "40": {"height": 20, "width": 10, "xadvance": 6, "y": 1, "x": 112, "yoffset": 0, "id": 40, "xoffset": -2, "page": 0}, "41": {"height": 20, "width": 10, "xadvance": 6, "y": 1, "x": 123, "yoffset": 0, "id": 41, "xoffset": -2, "page": 0}, "77": {"height": 18, "width": 18, "xadvance": 14, "y": 64, "x": 106, "yoffset": 0, "id": 77, "xoffset": -2, "page": 0}, "76": {"height": 18, "width": 14, "xadvance": 9, "y": 64, "x": 91, "yoffset": 0, "id": 76, "xoffset": -2, "page": 0}, "75": {"height": 18, "width": 16, "xadvance": 11, "y": 64, "x": 74, "yoffset": 0, "id": 75, "xoffset": -2, "page": 0}, "74": {"height": 21, "width": 11, "xadvance": 5, "y": 64, "x": 62, "yoffset": 0, "id": 74, "xoffset": -4, "page": 0}, "73": {"height": 18, "width": 9, "xadvance": 5, "y": 64, "x": 52, "yoffset": 0, "id": 73, "xoffset": -2, "page": 0}, "72": {"height": 18, "width": 16, "xadvance": 12, "y": 64, "x": 35, "yoffset": 0, "id": 72, "xoffset": -2, "page": 0}, "71": {"height": 18, "width": 18, "xadvance": 12, "y": 64, "x": 16, "yoffset": 0, "id": 71, "xoffset": -3, "page": 0}, "70": {"height": 18, "width": 14, "xadvance": 9, "y": 64, "x": 1, "yoffset": 0, "id": 70, "xoffset": -2, "page": 0}, "79": {"height": 18, "width": 18, "xadvance": 13, "y": 64, "x": 142, "yoffset": 0, "id": 79, "xoffset": -3, "page": 0}, "78": {"height": 18, "width": 16, "xadvance": 12, "y": 64, "x": 125, "yoffset": 0, "id": 78, "xoffset": -2, "page": 0}}, "page": {"id": 0, "file": "vera12.png"}, "common": {"lineHeight": 19, "base": 15, "scaleW": 192, "pages": 1, "scaleH": 177}, "kernings": {"66": {"89": -1}, "121": {"46": -1, "58": -1}, "114": {"46": -1, "45": -1}, "119": {"46": -1, "58": -1}, "82": {"121": -1, "89": -1, "86": -1, "84": -1, "67": -1}, "45": {"88": -1, "74": 1, "86": -1, "84": -1, "89": -1}, "84": {"115": -2, "58": -1, "121": -2, "46": -1, "45": -1, "99": -2, "114": -2, "117": -2, "111": -2, "65": -1, "67": -1, "101": -2, "119": -2, "97": -2}, "88": {"45": -1, "79": -1, "67": -1}, "102": {"46": -1, "45": -1}, "118": {"46": -1, "58": -1}, "76": {"121": -1, "89": -1, "86": -1, "87": -1, "84": -1, "85": -1}, "75": {"45": -1, "121": -1, "117": -1, "111": -1, "79": -1, "67": -1, "101": -1, "84": -1}, "89": {"58": -1, "46": -2, "45": -1, "117": -1, "97": -1, "65": -1, "67": -1, "111": -1, "101": -1, "79": -1}, "65": {"118": -1, "121": -1, "89": -1, "86": -1, "87": -1, "84": -1}, "71": {"89": -1}, "70": {"58": -1, "121": -1, "46": -2, "114": -1, "117": -1, "65": -1, "101": -1, "97": -1, "105": -1}, "68": {"89": -1}, "80": {"46": -2, "65": -1}, "86": {"58": -1, "46": -1, "45": -1, "117": -1, "111": -1, "65": -1, "101": -1, "97": -1}, "87": {"58": -1, "46": -1, "111": -1, "65": -1, "101": -1, "97": -1}, "79": {"88": -1, "89": -1}}}