{"info": {"bold": 0, "smooth": 1, "spacing": [0,0], "face": "GohuFont", "italic": 0, "size": 10}, "chars": {"119": {"height": 13, "width": 13, "xadvance": 8, "y": 138, "x": 1, "yoffset": 1, "id": 119, "xoffset": -3, "page": 0}, "120": {"height": 13, "width": 12, "xadvance": 8, "y": 138, "x": 15, "yoffset": 1, "id": 120, "xoffset": -2, "page": 0}, "121": {"height": 16, "width": 12, "xadvance": 8, "y": 138, "x": 28, "yoffset": 1, "id": 121, "xoffset": -2, "page": 0}, "122": {"height": 13, "width": 13, "xadvance": 8, "y": 138, "x": 41, "yoffset": 1, "id": 122, "xoffset": -2, "page": 0}, "123": {"height": 18, "width": 13, "xadvance": 8, "y": 135, "x": 55, "yoffset": -2, "id": 123, "xoffset": -3, "page": 0}, "124": {"height": 18, "width": 7, "xadvance": 8, "y": 135, "x": 69, "yoffset": -2, "id": 124, "xoffset": 0, "page": 0}, "125": {"height": 18, "width": 13, "xadvance": 8, "y": 135, "x": 77, "yoffset": -2, "id": 125, "xoffset": -2, "page": 0}, "126": {"height": 9, "width": 13, "xadvance": 8, "y": 139, "x": 91, "yoffset": 2, "id": 126, "xoffset": -3, "page": 0}, "118": {"height": 13, "width": 12, "xadvance": 8, "y": 118, "x": 142, "yoffset": 1, "id": 118, "xoffset": -2, "page": 0}, "59": {"height": 15, "width": 8, "xadvance": 8, "y": 43, "x": 1, "yoffset": 1, "id": 59, "xoffset": -1, "page": 0}, "58": {"height": 13, "width": 8, "xadvance": 8, "y": 25, "x": 151, "yoffset": 1, "id": 58, "xoffset": 0, "page": 0}, "55": {"height": 15, "width": 12, "xadvance": 8, "y": 23, "x": 112, "yoffset": -1, "id": 55, "xoffset": -2, "page": 0}, "54": {"height": 15, "width": 12, "xadvance": 8, "y": 23, "x": 99, "yoffset": -1, "id": 54, "xoffset": -2, "page": 0}, "57": {"height": 15, "width": 12, "xadvance": 8, "y": 23, "x": 138, "yoffset": -1, "id": 57, "xoffset": -2, "page": 0}, "56": {"height": 15, "width": 12, "xadvance": 8, "y": 23, "x": 125, "yoffset": -1, "id": 56, "xoffset": -2, "page": 0}, "51": {"height": 15, "width": 12, "xadvance": 8, "y": 23, "x": 60, "yoffset": -1, "id": 51, "xoffset": -2, "page": 0}, "50": {"height": 15, "width": 12, "xadvance": 8, "y": 23, "x": 47, "yoffset": -1, "id": 50, "xoffset": -2, "page": 0}, "53": {"height": 15, "width": 12, "xadvance": 8, "y": 23, "x": 86, "yoffset": -1, "id": 53, "xoffset": -2, "page": 0}, "52": {"height": 15, "width": 12, "xadvance": 8, "y": 23, "x": 73, "yoffset": -1, "id": 52, "xoffset": -2, "page": 0}, "115": {"height": 13, "width": 12, "xadvance": 8, "y": 118, "x": 105, "yoffset": 1, "id": 115, "xoffset": -2, "page": 0}, "114": {"height": 13, "width": 12, "xadvance": 8, "y": 118, "x": 92, "yoffset": 1, "id": 114, "xoffset": -2, "page": 0}, "117": {"height": 13, "width": 12, "xadvance": 8, "y": 118, "x": 129, "yoffset": 1, "id": 117, "xoffset": -2, "page": 0}, "116": {"height": 16, "width": 10, "xadvance": 8, "y": 115, "x": 118, "yoffset": -2, "id": 116, "xoffset": -1, "page": 0}, "111": {"height": 13, "width": 12, "xadvance": 8, "y": 118, "x": 53, "yoffset": 1, "id": 111, "xoffset": -2, "page": 0}, "110": {"height": 13, "width": 12, "xadvance": 8, "y": 118, "x": 40, "yoffset": 1, "id": 110, "xoffset": -2, "page": 0}, "113": {"height": 16, "width": 12, "xadvance": 8, "y": 118, "x": 79, "yoffset": 1, "id": 113, "xoffset": -2, "page": 0}, "112": {"height": 16, "width": 12, "xadvance": 8, "y": 118, "x": 66, "yoffset": 1, "id": 112, "xoffset": -2, "page": 0}, "82": {"height": 15, "width": 12, "xadvance": 8, "y": 59, "x": 142, "yoffset": -1, "id": 82, "xoffset": -2, "page": 0}, "83": {"height": 15, "width": 12, "xadvance": 8, "y": 78, "x": 1, "yoffset": -1, "id": 83, "xoffset": -2, "page": 0}, "80": {"height": 15, "width": 12, "xadvance": 8, "y": 59, "x": 116, "yoffset": -1, "id": 80, "xoffset": -2, "page": 0}, "81": {"height": 16, "width": 12, "xadvance": 8, "y": 59, "x": 129, "yoffset": -1, "id": 81, "xoffset": -2, "page": 0}, "86": {"height": 15, "width": 12, "xadvance": 8, "y": 78, "x": 41, "yoffset": -1, "id": 86, "xoffset": -2, "page": 0}, "87": {"height": 15, "width": 13, "xadvance": 8, "y": 78, "x": 54, "yoffset": -1, "id": 87, "xoffset": -3, "page": 0}, "84": {"height": 15, "width": 13, "xadvance": 8, "y": 78, "x": 14, "yoffset": -1, "id": 84, "xoffset": -3, "page": 0}, "85": {"height": 15, "width": 12, "xadvance": 8, "y": 78, "x": 28, "yoffset": -1, "id": 85, "xoffset": -2, "page": 0}, "108": {"height": 16, "width": 11, "xadvance": 8, "y": 115, "x": 14, "yoffset": -2, "id": 108, "xoffset": -1, "page": 0}, "109": {"height": 13, "width": 13, "xadvance": 8, "y": 118, "x": 26, "yoffset": 1, "id": 109, "xoffset": -3, "page": 0}, "102": {"height": 16, "width": 10, "xadvance": 8, "y": 95, "x": 91, "yoffset": -2, "id": 102, "xoffset": -1, "page": 0}, "103": {"height": 16, "width": 12, "xadvance": 8, "y": 98, "x": 102, "yoffset": 1, "id": 103, "xoffset": -2, "page": 0}, "100": {"height": 16, "width": 12, "xadvance": 8, "y": 95, "x": 65, "yoffset": -2, "id": 100, "xoffset": -2, "page": 0}, "101": {"height": 13, "width": 12, "xadvance": 8, "y": 98, "x": 78, "yoffset": 1, "id": 101, "xoffset": -2, "page": 0}, "106": {"height": 19, "width": 10, "xadvance": 8, "y": 95, "x": 140, "yoffset": -2, "id": 106, "xoffset": -2, "page": 0}, "107": {"height": 16, "width": 12, "xadvance": 8, "y": 115, "x": 1, "yoffset": -2, "id": 107, "xoffset": -2, "page": 0}, "104": {"height": 16, "width": 12, "xadvance": 8, "y": 95, "x": 115, "yoffset": -2, "id": 104, "xoffset": -2, "page": 0}, "105": {"height": 16, "width": 11, "xadvance": 8, "y": 95, "x": 128, "yoffset": -2, "id": 105, "xoffset": -2, "page": 0}, "39": {"height": 10, "width": 7, "xadvance": 8, "y": 2, "x": 82, "yoffset": -2, "id": 39, "xoffset": 0, "page": 0}, "38": {"height": 16, "width": 12, "xadvance": 8, "y": 2, "x": 69, "yoffset": -2, "id": 38, "xoffset": -2, "page": 0}, "33": {"height": 16, "width": 7, "xadvance": 8, "y": 2, "x": 8, "yoffset": -2, "id": 33, "xoffset": 0, "page": 0}, "32": {"height": 6, "width": 6, "xadvance": 8, "y": 12, "x": 1, "yoffset": 8, "id": 32, "xoffset": -3, "page": 0}, "37": {"height": 16, "width": 13, "xadvance": 8, "y": 3, "x": 55, "yoffset": -1, "id": 37, "xoffset": -3, "page": 0}, "36": {"height": 19, "width": 13, "xadvance": 8, "y": 1, "x": 41, "yoffset": -3, "id": 36, "xoffset": -3, "page": 0}, "35": {"height": 16, "width": 13, "xadvance": 8, "y": 2, "x": 27, "yoffset": -2, "id": 35, "xoffset": -3, "page": 0}, "34": {"height": 9, "width": 10, "xadvance": 8, "y": 2, "x": 16, "yoffset": -2, "id": 34, "xoffset": -1, "page": 0}, "60": {"height": 15, "width": 11, "xadvance": 8, "y": 42, "x": 10, "yoffset": 0, "id": 60, "xoffset": -2, "page": 0}, "61": {"height": 11, "width": 12, "xadvance": 8, "y": 43, "x": 22, "yoffset": 1, "id": 61, "xoffset": -2, "page": 0}, "62": {"height": 15, "width": 11, "xadvance": 8, "y": 42, "x": 35, "yoffset": 0, "id": 62, "xoffset": -2, "page": 0}, "63": {"height": 16, "width": 12, "xadvance": 8, "y": 40, "x": 47, "yoffset": -2, "id": 63, "xoffset": -2, "page": 0}, "64": {"height": 16, "width": 13, "xadvance": 8, "y": 40, "x": 60, "yoffset": -2, "id": 64, "xoffset": -3, "page": 0}, "65": {"height": 15, "width": 12, "xadvance": 8, "y": 41, "x": 74, "yoffset": -1, "id": 65, "xoffset": -2, "page": 0}, "66": {"height": 15, "width": 12, "xadvance": 8, "y": 41, "x": 87, "yoffset": -1, "id": 66, "xoffset": -2, "page": 0}, "67": {"height": 15, "width": 12, "xadvance": 8, "y": 41, "x": 100, "yoffset": -1, "id": 67, "xoffset": -2, "page": 0}, "68": {"height": 15, "width": 12, "xadvance": 8, "y": 41, "x": 113, "yoffset": -1, "id": 68, "xoffset": -2, "page": 0}, "69": {"height": 15, "width": 12, "xadvance": 8, "y": 41, "x": 126, "yoffset": -1, "id": 69, "xoffset": -2, "page": 0}, "99": {"height": 13, "width": 12, "xadvance": 8, "y": 98, "x": 52, "yoffset": 1, "id": 99, "xoffset": -2, "page": 0}, "98": {"height": 16, "width": 12, "xadvance": 8, "y": 95, "x": 39, "yoffset": -2, "id": 98, "xoffset": -2, "page": 0}, "91": {"height": 17, "width": 9, "xadvance": 8, "y": 77, "x": 108, "yoffset": -2, "id": 91, "xoffset": 0, "page": 0}, "90": {"height": 15, "width": 12, "xadvance": 8, "y": 78, "x": 95, "yoffset": -1, "id": 90, "xoffset": -2, "page": 0}, "93": {"height": 17, "width": 9, "xadvance": 8, "y": 77, "x": 131, "yoffset": -2, "id": 93, "xoffset": -1, "page": 0}, "92": {"height": 18, "width": 12, "xadvance": 8, "y": 76, "x": 118, "yoffset": -3, "id": 92, "xoffset": -2, "page": 0}, "95": {"height": 7, "width": 14, "xadvance": 8, "y": 105, "x": 1, "yoffset": 8, "id": 95, "xoffset": -3, "page": 0}, "94": {"height": 9, "width": 11, "xadvance": 8, "y": 77, "x": 141, "yoffset": -2, "id": 94, "xoffset": -2, "page": 0}, "97": {"height": 13, "width": 12, "xadvance": 8, "y": 98, "x": 26, "yoffset": 1, "id": 97, "xoffset": -2, "page": 0}, "96": {"height": 9, "width": 9, "xadvance": 8, "y": 95, "x": 16, "yoffset": -2, "id": 96, "xoffset": -2, "page": 0}, "88": {"height": 15, "width": 12, "xadvance": 8, "y": 78, "x": 68, "yoffset": -1, "id": 88, "xoffset": -2, "page": 0}, "89": {"height": 15, "width": 13, "xadvance": 8, "y": 78, "x": 81, "yoffset": -1, "id": 89, "xoffset": -3, "page": 0}, "48": {"height": 15, "width": 12, "xadvance": 8, "y": 23, "x": 23, "yoffset": -1, "id": 48, "xoffset": -2, "page": 0}, "49": {"height": 15, "width": 10, "xadvance": 8, "y": 23, "x": 36, "yoffset": -1, "id": 49, "xoffset": -2, "page": 0}, "46": {"height": 8, "width": 8, "xadvance": 8, "y": 30, "x": 1, "yoffset": 6, "id": 46, "xoffset": -1, "page": 0}, "47": {"height": 18, "width": 12, "xadvance": 8, "y": 21, "x": 10, "yoffset": -3, "id": 47, "xoffset": -2, "page": 0}, "44": {"height": 10, "width": 8, "xadvance": 8, "y": 10, "x": 140, "yoffset": 6, "id": 44, "xoffset": -1, "page": 0}, "45": {"height": 7, "width": 12, "xadvance": 8, "y": 7, "x": 149, "yoffset": 3, "id": 45, "xoffset": -2, "page": 0}, "42": {"height": 13, "width": 13, "xadvance": 8, "y": 4, "x": 112, "yoffset": 0, "id": 42, "xoffset": -3, "page": 0}, "43": {"height": 13, "width": 13, "xadvance": 8, "y": 4, "x": 126, "yoffset": 0, "id": 43, "xoffset": -3, "page": 0}, "40": {"height": 18, "width": 10, "xadvance": 8, "y": 2, "x": 90, "yoffset": -2, "id": 40, "xoffset": -2, "page": 0}, "41": {"height": 18, "width": 10, "xadvance": 8, "y": 2, "x": 101, "yoffset": -2, "id": 41, "xoffset": -1, "page": 0}, "77": {"height": 15, "width": 13, "xadvance": 8, "y": 59, "x": 76, "yoffset": -1, "id": 77, "xoffset": -3, "page": 0}, "76": {"height": 15, "width": 12, "xadvance": 8, "y": 59, "x": 63, "yoffset": -1, "id": 76, "xoffset": -2, "page": 0}, "75": {"height": 15, "width": 12, "xadvance": 8, "y": 59, "x": 50, "yoffset": -1, "id": 75, "xoffset": -2, "page": 0}, "74": {"height": 15, "width": 12, "xadvance": 8, "y": 59, "x": 37, "yoffset": -1, "id": 74, "xoffset": -2, "page": 0}, "73": {"height": 15, "width": 9, "xadvance": 8, "y": 59, "x": 27, "yoffset": -1, "id": 73, "xoffset": -1, "page": 0}, "72": {"height": 15, "width": 12, "xadvance": 8, "y": 59, "x": 14, "yoffset": -1, "id": 72, "xoffset": -2, "page": 0}, "71": {"height": 15, "width": 12, "xadvance": 8, "y": 59, "x": 1, "yoffset": -1, "id": 71, "xoffset": -2, "page": 0}, "70": {"height": 15, "width": 12, "xadvance": 8, "y": 41, "x": 139, "yoffset": -1, "id": 70, "xoffset": -2, "page": 0}, "79": {"height": 15, "width": 12, "xadvance": 8, "y": 59, "x": 103, "yoffset": -1, "id": 79, "xoffset": -2, "page": 0}, "78": {"height": 15, "width": 12, "xadvance": 8, "y": 59, "x": 90, "yoffset": -1, "id": 78, "xoffset": -2, "page": 0}}, "page": {"id": 0, "file": "Gohu.10.png"}, "common": {"lineHeight": 15, "base": 11, "scaleW": 163, "pages": 1, "scaleH": 156}, "kernings": {}}